[{"model": "contenttypes.contenttype", "pk": 1, "fields": {"app_label": "admin", "model": "logentry"}}, {"model": "contenttypes.contenttype", "pk": 2, "fields": {"app_label": "auth", "model": "group"}}, {"model": "contenttypes.contenttype", "pk": 3, "fields": {"app_label": "auth", "model": "permission"}}, {"model": "contenttypes.contenttype", "pk": 4, "fields": {"app_label": "auth", "model": "user"}}, {"model": "contenttypes.contenttype", "pk": 5, "fields": {"app_label": "contenttypes", "model": "contenttype"}}, {"model": "contenttypes.contenttype", "pk": 6, "fields": {"app_label": "sessions", "model": "session"}}, {"model": "contenttypes.contenttype", "pk": 8, "fields": {"app_label": "services", "model": "student"}}, {"model": "contenttypes.contenttype", "pk": 9, "fields": {"app_label": "services", "model": "batch"}}, {"model": "contenttypes.contenttype", "pk": 10, "fields": {"app_label": "services", "model": "fee"}}, {"model": "contenttypes.contenttype", "pk": 11, "fields": {"app_label": "services", "model": "course"}}, {"model": "contenttypes.contenttype", "pk": 13, "fields": {"app_label": "services", "model": "grades"}}, {"model": "sessions.session", "pk": "1nvb0sanvjhykcui7lvo33cqlbz4t4y2", "fields": {"session_data": "MTJiYzY5NDdlNGU3MDZmY2E0Y2M2NzI2YjkwYjdjOGFhOGEwZTg0Zjp7Il9hdXRoX3VzZXJfaGFzaCI6ImIyYzQ4NzViMjlhOWNlNDIwOWE4NjY1YTA2Yjk2ZWRlN2VhOTEwYTEiLCJfYXV0aF91c2VyX2lkIjoiMSIsIl9hdXRoX3VzZXJfYmFja2VuZCI6ImRqYW5nby5jb250cmliLmF1dGguYmFja2VuZHMuTW9kZWxCYWNrZW5kIn0=", "expire_date": "2016-11-27T10:57:08.966Z"}}, {"model": "sessions.session", "pk": "2hhhrqybcxwyfzwbmqr7hb526hbxtioe", "fields": {"session_data": "Y2JmY2VkNWYxZDViYjQ4ZDU3ZDMxMzNkODFjOTYxNTdmNDVlOWRjZjp7Il9hdXRoX3VzZXJfYmFja2VuZCI6ImRqYW5nby5jb250cmliLmF1dGguYmFja2VuZHMuTW9kZWxCYWNrZW5kIiwiX2F1dGhfdXNlcl9oYXNoIjoiYjJjNDg3NWIyOWE5Y2U0MjA5YTg2NjVhMDZiOTZlZGU3ZWE5MTBhMSIsIl9hdXRoX3VzZXJfaWQiOiIxIn0=", "expire_date": "2016-11-28T10:12:39.775Z"}}, {"model": "sessions.session", "pk": "3e06ogpzhd3i2ie1l4rjtbi8nz6serto", "fields": {"session_data": "NTFhYmQ4ZWZlY2YwZWYxMTdlODhjZTE2MDMyODFjNzZkYmVkZmM1Yzp7Il9hdXRoX3VzZXJfaGFzaCI6IjYzMTIxODY3NWRhNTU0YTFlMjc4OTc4ZjAyMTE4MDczODhiN2ZkZjMiLCJfYXV0aF91c2VyX2JhY2tlbmQiOiJkamFuZ28uY29udHJpYi5hdXRoLmJhY2tlbmRzLk1vZGVsQmFja2VuZCIsIl9hdXRoX3VzZXJfaWQiOiI4In0=", "expire_date": "2016-11-22T09:38:14.466Z"}}, {"model": "sessions.session", "pk": "4zlnbrih7zmgvumi4gwgefxm9ktugto6", "fields": {"session_data": "NDU0Y2E4YTEzYjFkYjg3MTViNGM1ZjE2YzgxNTMzZGExNzc0MThiMjp7Il9hdXRoX3VzZXJfaWQiOiIxIiwiX2F1dGhfdXNlcl9oYXNoIjoiYjJjNDg3NWIyOWE5Y2U0MjA5YTg2NjVhMDZiOTZlZGU3ZWE5MTBhMSIsIl9hdXRoX3VzZXJfYmFja2VuZCI6ImRqYW5nby5jb250cmliLmF1dGguYmFja2VuZHMuTW9kZWxCYWNrZW5kIn0=", "expire_date": "2016-11-26T08:44:24.016Z"}}, {"model": "sessions.session", "pk": "6tpstmtz81iqzahgjk3nbqa82u16ta4p", "fields": {"session_data": "Y2JmY2VkNWYxZDViYjQ4ZDU3ZDMxMzNkODFjOTYxNTdmNDVlOWRjZjp7Il9hdXRoX3VzZXJfYmFja2VuZCI6ImRqYW5nby5jb250cmliLmF1dGguYmFja2VuZHMuTW9kZWxCYWNrZW5kIiwiX2F1dGhfdXNlcl9oYXNoIjoiYjJjNDg3NWIyOWE5Y2U0MjA5YTg2NjVhMDZiOTZlZGU3ZWE5MTBhMSIsIl9hdXRoX3VzZXJfaWQiOiIxIn0=", "expire_date": "2016-12-26T19:35:20.127Z"}}, {"model": "sessions.session", "pk": "82bffw3i7k8ifbzxdcqzzhwl7oojdcqo", "fields": {"session_data": "MTJiYzY5NDdlNGU3MDZmY2E0Y2M2NzI2YjkwYjdjOGFhOGEwZTg0Zjp7Il9hdXRoX3VzZXJfaGFzaCI6ImIyYzQ4NzViMjlhOWNlNDIwOWE4NjY1YTA2Yjk2ZWRlN2VhOTEwYTEiLCJfYXV0aF91c2VyX2lkIjoiMSIsIl9hdXRoX3VzZXJfYmFja2VuZCI6ImRqYW5nby5jb250cmliLmF1dGguYmFja2VuZHMuTW9kZWxCYWNrZW5kIn0=", "expire_date": "2016-12-28T19:32:06.864Z"}}, {"model": "sessions.session", "pk": "9trk5x11tg199366sp15unkkcu6nfuk0", "fields": {"session_data": "YWFkZjM0Yzg2NDY2ZGYxMzhkZDNkNDY1NTI0N2YzN2RjMDAyZTcxMzp7Il9hdXRoX3VzZXJfYmFja2VuZCI6ImRqYW5nby5jb250cmliLmF1dGguYmFja2VuZHMuTW9kZWxCYWNrZW5kIiwiX2F1dGhfdXNlcl9pZCI6IjEiLCJfYXV0aF91c2VyX2hhc2giOiJhMDY2MDhiYTlkMWFlMGU3NmYxYmY0NDI3MTUwMzliNjk3M2NlOTM0In0=", "expire_date": "2017-04-04T20:54:23.610Z"}}, {"model": "sessions.session", "pk": "b4a10wvkj5n8bz9ocg65pefeac3mytvo", "fields": {"session_data": "Y2JmY2VkNWYxZDViYjQ4ZDU3ZDMxMzNkODFjOTYxNTdmNDVlOWRjZjp7Il9hdXRoX3VzZXJfYmFja2VuZCI6ImRqYW5nby5jb250cmliLmF1dGguYmFja2VuZHMuTW9kZWxCYWNrZW5kIiwiX2F1dGhfdXNlcl9oYXNoIjoiYjJjNDg3NWIyOWE5Y2U0MjA5YTg2NjVhMDZiOTZlZGU3ZWE5MTBhMSIsIl9hdXRoX3VzZXJfaWQiOiIxIn0=", "expire_date": "2016-11-28T10:41:34.281Z"}}, {"model": "sessions.session", "pk": "o2zx45jicnfu56mj3qrhaivhe3yqlrzr", "fields": {"session_data": "MTJiYzY5NDdlNGU3MDZmY2E0Y2M2NzI2YjkwYjdjOGFhOGEwZTg0Zjp7Il9hdXRoX3VzZXJfaGFzaCI6ImIyYzQ4NzViMjlhOWNlNDIwOWE4NjY1YTA2Yjk2ZWRlN2VhOTEwYTEiLCJfYXV0aF91c2VyX2lkIjoiMSIsIl9hdXRoX3VzZXJfYmFja2VuZCI6ImRqYW5nby5jb250cmliLmF1dGguYmFja2VuZHMuTW9kZWxCYWNrZW5kIn0=", "expire_date": "2017-01-15T04:21:18.039Z"}}, {"model": "sessions.session", "pk": "obcd6bw2ctfkyjw8nrht0n62332reotq", "fields": {"session_data": "Y2JmY2VkNWYxZDViYjQ4ZDU3ZDMxMzNkODFjOTYxNTdmNDVlOWRjZjp7Il9hdXRoX3VzZXJfYmFja2VuZCI6ImRqYW5nby5jb250cmliLmF1dGguYmFja2VuZHMuTW9kZWxCYWNrZW5kIiwiX2F1dGhfdXNlcl9oYXNoIjoiYjJjNDg3NWIyOWE5Y2U0MjA5YTg2NjVhMDZiOTZlZGU3ZWE5MTBhMSIsIl9hdXRoX3VzZXJfaWQiOiIxIn0=", "expire_date": "2016-11-25T14:09:01.041Z"}}, {"model": "sessions.session", "pk": "tvzcdl2mciuol2ib94i280cn1p11c2in", "fields": {"session_data": "Y2U0MjEzZDQzNWJjMjYzYjcwN2I1M2NhZTg4ZWYzNDJkYTNjZDVjZDp7Il9hdXRoX3VzZXJfaGFzaCI6ImIyYzQ4NzViMjlhOWNlNDIwOWE4NjY1YTA2Yjk2ZWRlN2VhOTEwYTEiLCJfYXV0aF91c2VyX2JhY2tlbmQiOiJkamFuZ28uY29udHJpYi5hdXRoLmJhY2tlbmRzLk1vZGVsQmFja2VuZCIsIl9hdXRoX3VzZXJfaWQiOiIxIn0=", "expire_date": "2016-11-09T21:41:44.083Z"}}, {"model": "sessions.session", "pk": "ust8t8agkz0883ywls6aprb1phmjfybk", "fields": {"session_data": "Y2JmY2VkNWYxZDViYjQ4ZDU3ZDMxMzNkODFjOTYxNTdmNDVlOWRjZjp7Il9hdXRoX3VzZXJfYmFja2VuZCI6ImRqYW5nby5jb250cmliLmF1dGguYmFja2VuZHMuTW9kZWxCYWNrZW5kIiwiX2F1dGhfdXNlcl9oYXNoIjoiYjJjNDg3NWIyOWE5Y2U0MjA5YTg2NjVhMDZiOTZlZGU3ZWE5MTBhMSIsIl9hdXRoX3VzZXJfaWQiOiIxIn0=", "expire_date": "2017-02-21T16:24:09.131Z"}}, {"model": "sessions.session", "pk": "wzgr7wbr0sz1nwblej33hdvi427t94ir", "fields": {"session_data": "NTE1N2Q5OTg5OTExNWI3YTllMWRjZTZiMGY0Njg2MDM0ZTcwMjZhMDp7Il9hdXRoX3VzZXJfaGFzaCI6ImEwNjYwOGJhOWQxYWUwZTc2ZjFiZjQ0MjcxNTAzOWI2OTczY2U5MzQiLCJfYXV0aF91c2VyX2lkIjoiMSIsIl9hdXRoX3VzZXJfYmFja2VuZCI6ImRqYW5nby5jb250cmliLmF1dGguYmFja2VuZHMuTW9kZWxCYWNrZW5kIn0=", "expire_date": "2017-04-04T20:44:28.790Z"}}, {"model": "sessions.session", "pk": "y6hegn6n7myland65bm07k82no4gi8ej", "fields": {"session_data": "MTJiYzY5NDdlNGU3MDZmY2E0Y2M2NzI2YjkwYjdjOGFhOGEwZTg0Zjp7Il9hdXRoX3VzZXJfaGFzaCI6ImIyYzQ4NzViMjlhOWNlNDIwOWE4NjY1YTA2Yjk2ZWRlN2VhOTEwYTEiLCJfYXV0aF91c2VyX2lkIjoiMSIsIl9hdXRoX3VzZXJfYmFja2VuZCI6ImRqYW5nby5jb250cmliLmF1dGguYmFja2VuZHMuTW9kZWxCYWNrZW5kIn0=", "expire_date": "2017-01-06T11:44:14.260Z"}}, {"model": "services.student", "pk": 6, "fields": {"name": "Jean Louise Finch", "father": "Atticus Finch", "mother": "Louise Finch", "batch": 23, "contact": "8090623247", "age": 6, "gender": "Female", "address": "Street 8, City 2"}}, {"model": "services.student", "pk": 7, "fields": {"name": "Jeremy Atticus Finch", "father": "Atticus Finch", "mother": "Louise Finch", "batch": 27, "contact": "7860130512", "age": 12, "gender": "Male", "address": "Street 8, City 2"}}, {"model": "services.student", "pk": 8, "fields": {"name": "Julia Ann McGrath", "father": "Robert McGrath", "mother": "Ann McGrath", "batch": 23, "contact": "8090623247", "age": 6, "gender": "Female", "address": "Street 1, City 1"}}, {"model": "services.student", "pk": 9, "fields": {"name": "Harry Potter", "father": "James Potter", "mother": "Liliy Potter", "batch": 23, "contact": "8090623247", "age": 7, "gender": "Male", "address": "Street 6, City 2"}}, {"model": "services.student", "pk": 10, "fields": {"name": "Hermione Granger", "father": "Mr. Granger", "mother": "Mrs. Granger", "batch": 23, "contact": "7860130512", "age": 6, "gender": "Female", "address": "Street 4, City 2"}}, {"model": "services.student", "pk": 11, "fields": {"name": "Ron Weasley", "father": "Mr. Weasley", "mother": "Mrs. Weasley", "batch": 23, "contact": "8090623247", "age": 7, "gender": "Male", "address": "Street 5, City 1"}}, {"model": "services.student", "pk": 12, "fields": {"name": "Fred Weasley", "father": "Mr. Weasley", "mother": "Mrs. Weasley", "batch": 27, "contact": "7854691235", "age": 12, "gender": "Male", "address": "Street 2, City 3"}}, {"model": "services.student", "pk": 13, "fields": {"name": "George Weasley", "father": "Mr. Weasley", "mother": "Mrs. Weasley", "batch": 27, "contact": "7854691235", "age": 12, "gender": "Male", "address": "Street 2, City 3"}}, {"model": "services.batch", "pk": 23, "fields": {"name": "Class 1"}}, {"model": "services.batch", "pk": 24, "fields": {"name": "Class 2"}}, {"model": "services.batch", "pk": 25, "fields": {"name": "Class 3"}}, {"model": "services.batch", "pk": 26, "fields": {"name": "Class 4"}}, {"model": "services.batch", "pk": 27, "fields": {"name": "Class 5"}}, {"model": "services.batch", "pk": 28, "fields": {"name": "Class 6"}}, {"model": "services.batch", "pk": 29, "fields": {"name": "Class 7"}}, {"model": "services.batch", "pk": 30, "fields": {"name": "Class 8"}}, {"model": "services.fee", "pk": 7, "fields": {"studentId": 6, "installments": 3, "amountPerInst": 5000, "paidInst": 1}}, {"model": "services.fee", "pk": 8, "fields": {"studentId": 7, "installments": 6, "amountPerInst": 2500, "paidInst": 2}}, {"model": "services.fee", "pk": 9, "fields": {"studentId": 8, "installments": 6, "amountPerInst": 2000, "paidInst": 1}}, {"model": "services.course", "pk": 2, "fields": {"name": "Maths", "batch": 23}}, {"model": "services.course", "pk": 3, "fields": {"name": "Social Science", "batch": 28}}, {"model": "services.course", "pk": 4, "fields": {"name": "English", "batch": 23}}, {"model": "services.course", "pk": 6, "fields": {"name": "Maths", "batch": 26}}, {"model": "services.course", "pk": 8, "fields": {"name": "Science", "batch": 23}}, {"model": "services.course", "pk": 12, "fields": {"name": "Science", "batch": 27}}, {"model": "services.course", "pk": 13, "fields": {"name": "Hindi", "batch": 27}}, {"model": "services.course", "pk": 14, "fields": {"name": "English", "batch": 27}}, {"model": "services.course", "pk": 15, "fields": {"name": "Maths", "batch": 27}}, {"model": "services.course", "pk": 17, "fields": {"name": "Computer", "batch": 27}}, {"model": "services.course", "pk": 18, "fields": {"name": "Art", "batch": 23}}, {"model": "services.course", "pk": 19, "fields": {"name": "Hindi", "batch": 23}}, {"model": "services.course", "pk": 20, "fields": {"name": "Science", "batch": 30}}, {"model": "services.grades", "pk": 31, "fields": {"studentId": 6, "courseID": 18, "letterGrade": "A"}}, {"model": "services.grades", "pk": 32, "fields": {"studentId": 6, "courseID": 4, "letterGrade": "A"}}, {"model": "services.grades", "pk": 33, "fields": {"studentId": 6, "courseID": 19, "letterGrade": "B"}}, {"model": "services.grades", "pk": 34, "fields": {"studentId": 6, "courseID": 2, "letterGrade": "A"}}, {"model": "services.grades", "pk": 35, "fields": {"studentId": 6, "courseID": 8, "letterGrade": "C"}}, {"model": "services.grades", "pk": 51, "fields": {"studentId": 7, "courseID": 17, "letterGrade": "A"}}, {"model": "services.grades", "pk": 52, "fields": {"studentId": 7, "courseID": 14, "letterGrade": "A"}}, {"model": "services.grades", "pk": 53, "fields": {"studentId": 7, "courseID": 13, "letterGrade": "B"}}, {"model": "services.grades", "pk": 54, "fields": {"studentId": 7, "courseID": 15, "letterGrade": "C"}}, {"model": "services.grades", "pk": 55, "fields": {"studentId": 7, "courseID": 12, "letterGrade": "A"}}, {"model": "services.grades", "pk": 56, "fields": {"studentId": 8, "courseID": 18, "letterGrade": "A"}}, {"model": "services.grades", "pk": 57, "fields": {"studentId": 8, "courseID": 4, "letterGrade": "A"}}, {"model": "services.grades", "pk": 58, "fields": {"studentId": 8, "courseID": 19, "letterGrade": "A"}}, {"model": "services.grades", "pk": 59, "fields": {"studentId": 8, "courseID": 2, "letterGrade": "B"}}, {"model": "services.grades", "pk": 60, "fields": {"studentId": 8, "courseID": 8, "letterGrade": "A"}}, {"model": "services.grades", "pk": 61, "fields": {"studentId": 10, "courseID": 18, "letterGrade": "A"}}, {"model": "services.grades", "pk": 62, "fields": {"studentId": 10, "courseID": 4, "letterGrade": "A"}}, {"model": "services.grades", "pk": 63, "fields": {"studentId": 10, "courseID": 19, "letterGrade": "A"}}, {"model": "services.grades", "pk": 64, "fields": {"studentId": 10, "courseID": 2, "letterGrade": "A"}}, {"model": "services.grades", "pk": 65, "fields": {"studentId": 10, "courseID": 8, "letterGrade": "A"}}, {"model": "services.grades", "pk": 66, "fields": {"studentId": 9, "courseID": 18, "letterGrade": "A"}}, {"model": "services.grades", "pk": 67, "fields": {"studentId": 9, "courseID": 4, "letterGrade": "A"}}, {"model": "services.grades", "pk": 68, "fields": {"studentId": 9, "courseID": 19, "letterGrade": "B"}}, {"model": "services.grades", "pk": 69, "fields": {"studentId": 9, "courseID": 2, "letterGrade": "C"}}, {"model": "services.grades", "pk": 70, "fields": {"studentId": 9, "courseID": 8, "letterGrade": "B"}}, {"model": "services.grades", "pk": 71, "fields": {"studentId": 13, "courseID": 17, "letterGrade": "B"}}, {"model": "services.grades", "pk": 72, "fields": {"studentId": 13, "courseID": 14, "letterGrade": "A"}}, {"model": "services.grades", "pk": 73, "fields": {"studentId": 13, "courseID": 13, "letterGrade": "B"}}, {"model": "services.grades", "pk": 74, "fields": {"studentId": 13, "courseID": 15, "letterGrade": "D"}}, {"model": "services.grades", "pk": 75, "fields": {"studentId": 13, "courseID": 12, "letterGrade": "A"}}, {"model": "auth.permission", "pk": 1, "fields": {"name": "Can add log entry", "content_type": 1, "codename": "add_logentry"}}, {"model": "auth.permission", "pk": 2, "fields": {"name": "Can change log entry", "content_type": 1, "codename": "change_logentry"}}, {"model": "auth.permission", "pk": 3, "fields": {"name": "Can delete log entry", "content_type": 1, "codename": "delete_logentry"}}, {"model": "auth.permission", "pk": 4, "fields": {"name": "Can add group", "content_type": 2, "codename": "add_group"}}, {"model": "auth.permission", "pk": 5, "fields": {"name": "Can change group", "content_type": 2, "codename": "change_group"}}, {"model": "auth.permission", "pk": 6, "fields": {"name": "Can delete group", "content_type": 2, "codename": "delete_group"}}, {"model": "auth.permission", "pk": 7, "fields": {"name": "Can add permission", "content_type": 3, "codename": "add_permission"}}, {"model": "auth.permission", "pk": 8, "fields": {"name": "Can change permission", "content_type": 3, "codename": "change_permission"}}, {"model": "auth.permission", "pk": 9, "fields": {"name": "Can delete permission", "content_type": 3, "codename": "delete_permission"}}, {"model": "auth.permission", "pk": 10, "fields": {"name": "Can add user", "content_type": 4, "codename": "add_user"}}, {"model": "auth.permission", "pk": 11, "fields": {"name": "Can change user", "content_type": 4, "codename": "change_user"}}, {"model": "auth.permission", "pk": 12, "fields": {"name": "Can delete user", "content_type": 4, "codename": "delete_user"}}, {"model": "auth.permission", "pk": 13, "fields": {"name": "Can add content type", "content_type": 5, "codename": "add_contenttype"}}, {"model": "auth.permission", "pk": 14, "fields": {"name": "Can change content type", "content_type": 5, "codename": "change_contenttype"}}, {"model": "auth.permission", "pk": 15, "fields": {"name": "Can delete content type", "content_type": 5, "codename": "delete_contenttype"}}, {"model": "auth.permission", "pk": 16, "fields": {"name": "Can add session", "content_type": 6, "codename": "add_session"}}, {"model": "auth.permission", "pk": 17, "fields": {"name": "Can change session", "content_type": 6, "codename": "change_session"}}, {"model": "auth.permission", "pk": 18, "fields": {"name": "Can delete session", "content_type": 6, "codename": "delete_session"}}, {"model": "auth.permission", "pk": 22, "fields": {"name": "Can add student", "content_type": 8, "codename": "add_student"}}, {"model": "auth.permission", "pk": 23, "fields": {"name": "Can change student", "content_type": 8, "codename": "change_student"}}, {"model": "auth.permission", "pk": 24, "fields": {"name": "Can delete student", "content_type": 8, "codename": "delete_student"}}, {"model": "auth.permission", "pk": 25, "fields": {"name": "Can add batch", "content_type": 9, "codename": "add_batch"}}, {"model": "auth.permission", "pk": 26, "fields": {"name": "Can change batch", "content_type": 9, "codename": "change_batch"}}, {"model": "auth.permission", "pk": 27, "fields": {"name": "Can delete batch", "content_type": 9, "codename": "delete_batch"}}, {"model": "auth.permission", "pk": 28, "fields": {"name": "Can add fee", "content_type": 10, "codename": "add_fee"}}, {"model": "auth.permission", "pk": 29, "fields": {"name": "Can change fee", "content_type": 10, "codename": "change_fee"}}, {"model": "auth.permission", "pk": 30, "fields": {"name": "Can delete fee", "content_type": 10, "codename": "delete_fee"}}, {"model": "auth.permission", "pk": 31, "fields": {"name": "Can add courses", "content_type": 11, "codename": "add_courses"}}, {"model": "auth.permission", "pk": 32, "fields": {"name": "Can change courses", "content_type": 11, "codename": "change_courses"}}, {"model": "auth.permission", "pk": 33, "fields": {"name": "Can delete courses", "content_type": 11, "codename": "delete_courses"}}, {"model": "auth.permission", "pk": 37, "fields": {"name": "Can add course", "content_type": 11, "codename": "add_course"}}, {"model": "auth.permission", "pk": 38, "fields": {"name": "Can change course", "content_type": 11, "codename": "change_course"}}, {"model": "auth.permission", "pk": 39, "fields": {"name": "Can delete course", "content_type": 11, "codename": "delete_course"}}, {"model": "auth.permission", "pk": 40, "fields": {"name": "Can add grades", "content_type": 13, "codename": "add_grades"}}, {"model": "auth.permission", "pk": 41, "fields": {"name": "Can change grades", "content_type": 13, "codename": "change_grades"}}, {"model": "auth.permission", "pk": 42, "fields": {"name": "Can delete grades", "content_type": 13, "codename": "delete_grades"}}, {"model": "auth.user", "pk": 1, "fields": {"password": "pbkdf2_sha256$30000$zNbgqYftiZkp$8oIZW7NLPWOe8E928nQ7rElJVuczj0aIqaUuulG/3jk=", "last_login": "2017-03-21T20:54:23.411Z", "is_superuser": true, "username": "pranshug", "first_name": "Pranshu", "last_name": "Gupta", "email": "pranshug258@outlook.com", "is_staff": true, "is_active": true, "date_joined": "2016-10-04T17:21:23.479Z", "groups": [], "user_permissions": []}}, {"model": "admin.logentry", "pk": 1, "fields": {"action_time": "2016-10-04T17:25:17.244Z", "user": 1, "content_type": 4, "object_id": "1", "object_repr": "pranshug", "action_flag": 2, "change_message": "[{\"changed\": {\"fields\": [\"first_name\", \"last_name\"]}}]"}}, {"model": "admin.logentry", "pk": 2, "fields": {"action_time": "2016-10-06T13:12:27.816Z", "user": 1, "content_type": 4, "object_id": "2", "object_repr": "pikachu", "action_flag": 3, "change_message": ""}}, {"model": "admin.logentry", "pk": 3, "fields": {"action_time": "2016-10-06T13:12:28.040Z", "user": 1, "content_type": 4, "object_id": "4", "object_repr": "pikachu1", "action_flag": 3, "change_message": ""}}, {"model": "admin.logentry", "pk": 4, "fields": {"action_time": "2016-10-06T13:12:28.175Z", "user": 1, "content_type": 4, "object_id": "3", "object_repr": "pikachu3", "action_flag": 3, "change_message": ""}}, {"model": "admin.logentry", "pk": 5, "fields": {"action_time": "2016-11-12T05:33:52.981Z", "user": 1, "content_type": 4, "object_id": "5", "object_repr": "pikachu1", "action_flag": 3, "change_message": ""}}, {"model": "admin.logentry", "pk": 6, "fields": {"action_time": "2016-11-12T05:33:53.147Z", "user": 1, "content_type": 4, "object_id": "6", "object_repr": "pikachu2", "action_flag": 3, "change_message": ""}}, {"model": "admin.logentry", "pk": 7, "fields": {"action_time": "2016-11-12T05:33:53.274Z", "user": 1, "content_type": 4, "object_id": "7", "object_repr": "pikachu3", "action_flag": 3, "change_message": ""}}, {"model": "admin.logentry", "pk": 8, "fields": {"action_time": "2016-12-12T15:13:21.452Z", "user": 1, "content_type": 4, "object_id": "8", "object_repr": "test", "action_flag": 3, "change_message": ""}}]